the_geom,name_long,iso_a2,iso_a3,continent,Longitude,Latitude
POINT (-69.9826771125 12.5208803838),Aruba,AW,ABW,North America,-69.98267711,12.52088038
POINT (66.0047336558 33.8352307278),Afghanistan,AF,AFG,Asia,66.00473366,33.83523073
POINT (17.5373676815 -12.2933605438),Angola,AO,AGO,Africa,17.53736768,-12.29336054
POINT (-63.0649892654 18.2239595023),Anguilla,AI,AIA,North America,-63.06498927,18.2239595
POINT (20.0498339611 41.1424498947),Albania,AL,ALB,Europe,20.04983396,41.14244989
POINT (19.953287676 60.2148868756),Aland Islands,AX,ALA,Europe,19.95328768,60.21488688
POINT (1.56054377918 42.5422910219),Andorra,AD,AND,Europe,1.56054378,42.54229102
POINT (54.3001671016 23.9052818785),United Arab Emirates,AE,ARE,Asia,54.3001671,23.90528188
POINT (-65.179806925 -35.3813487953),Argentina,AR,ARG,South America,-65.17980692,-35.3813488
POINT (44.9299327564 40.2895256919),Armenia,AM,ARM,Asia,44.92993276,40.28952569
POINT (-170.718025746 -14.3044599708),American Samoa,AS,ASM,Oceania,-170.71802575,-14.30445997
POINT (19.9210895122 -80.5085791311),Antarctica,AQ,ATA,Antarctica,19.92108951,-80.50857913
POINT (123.583837891 -12.4299316406),Ashmore and Cartier Islands,-99,-99,Oceania,123.58383789,-12.42993164
POINT (69.2266675845 -49.2489548494),French Southern and Antarctic Lands,TF,ATF,Seven seas (open ocean),69.22666758,-49.24895485
POINT (-61.794693427 17.2774995986),Antigua and Barbuda,AG,ATG,North America,-61.79469343,17.2774996
POINT (134.491000082 -25.7328870417),Australia,AU,AUS,Oceania,134.49100008,-25.73288704
POINT (14.1264760996 47.585494392),Austria,AT,AUT,Europe,14.1264761,47.58549439
POINT (47.5459987892 40.2882723471),Azerbaijan,AZ,AZE,Asia,47.54599879,40.28827235
POINT (29.8751215645 -3.35939665747),Burundi,BI,BDI,Africa,29.87512156,-3.35939666
POINT (4.64065113918 50.6398157556),Belgium,BE,BEL,Europe,4.64065114,50.63981576
POINT (2.32785254449 9.64175970225),Benin,BJ,BEN,Africa,2.32785254,9.6417597
POINT (-1.75456600914 12.2695384574),Burkina Faso,BF,BFA,Africa,-1.75456601,12.26953846
POINT (90.2381274323 23.86731158),Bangladesh,BD,BGD,Asia,90.23812743,23.86731158
POINT (25.2155290863 42.7689031797),Bulgaria,BG,BGR,Europe,25.21552909,42.76890318
POINT (50.5419693232 26.0420513477),Bahrain,BH,BHR,Asia,50.54196932,26.04205135
POINT (-98.3077702819 61.3620632437),Canada,CA,CAN,North America,-98.30777028,61.36206324
POINT (-76.6284303802 24.2903670223),Bahamas,BS,BHS,North America,-76.62843038,24.29036702
POINT (17.7687673323 44.1745012472),Bosnia and Herzegovina,BA,BIH,Europe,17.76876733,44.17450125
POINT (-62.8406777884 17.8988045112),Saint-BarthÃ©lemy,BL,BLM,North America,-62.84067779,17.89880451
POINT (28.0320930703 53.5313137685),Belarus,BY,BLR,Europe,28.03209307,53.53131377
POINT (-88.7101048564 17.2002750902),Belize,BZ,BLZ,North America,-88.71010486,17.20027509
POINT (-64.7545588982 32.3136780208),Bermuda,BM,BMU,North America,-64.7545589,32.31367802
POINT (-64.6853864515 -16.7081478725),Bolivia,BO,BOL,South America,-64.68538645,-16.70814787
POINT (-53.0978311267 -10.7877770246),Brazil,BR,BRA,South America,-53.09783113,-10.78777702
POINT (-59.5597970021 13.1814542822),Barbados,BB,BRB,North America,-59.559797,13.18145428
POINT (114.722030354 4.51968957503),Brunei Darussalam,BN,BRN,Asia,114.72203035,4.51968958
POINT (90.4018815525 27.4110658858),Bhutan,BT,BTN,Asia,90.40188155,27.41106589
POINT (23.7985336773 -22.1840321328),Botswana,BW,BWA,Africa,23.79853368,-22.18403213
POINT (20.4682683098 6.56823297048),Central African Republic,CF,CAF,Africa,20.46826831,6.56823297
POINT (8.20867470615 46.7978587836),Switzerland,CH,CHE,Europe,8.20867471,46.79785878
POINT (-71.3825621318 -37.730709893),Chile,CL,CHL,South America,-71.38256213,-37.73070989
POINT (103.81907349 36.5617654559),China,CN,CHN,Asia,103.81907349,36.56176546
POINT (-5.5692156998 7.62842620235),CÃ´te d'Ivoire,CI,CIV,Africa,-5.5692157,7.6284262
POINT (12.7396415575 5.69109848986),Cameroon,CM,CMR,Africa,12.73964156,5.69109849
POINT (23.643961066 -2.8774628897),Democratic Republic of the Congo,CD,COD,Africa,23.64396107,-2.87746289
POINT (15.2196576195 -0.837874631184),Republic of Congo,CG,COG,Africa,15.21965762,-0.83787463
POINT (-159.787242185 -21.2192728815),Cook Islands,CK,COK,Oceania,-159.78724218,-21.21927288
POINT (-73.0811458241 3.91383430725),Colombia,CO,COL,South America,-73.08114582,3.91383431
POINT (43.6825396848 -11.8778344355),Comoros,KM,COM,Africa,43.68253968,-11.87783444
POINT (-23.9598882026 15.9552332421),Cape Verde,CV,CPV,Africa,-23.9598882,15.95523324
POINT (-84.1920876775 9.9763446384),Costa Rica,CR,CRI,North America,-84.19208768,9.97634464
POINT (-79.0160538445 21.6228952793),Cuba,CU,CUB,North America,-79.01605384,21.62289528
POINT (-68.971193688 12.1955167546),CuraÃ§ao,CW,CUW,North America,-68.97119369,12.19551675
POINT (-80.9121332147 19.4289649722),Cayman Islands,KY,CYM,North America,-80.91213321,19.42896497
POINT (33.5684812974 35.2627748562),Northern Cyprus,-99,-99,Asia,33.5684813,35.26277486
POINT (33.0060021957 34.916672112),Cyprus,CY,CYP,Asia,33.0060022,34.91667211
POINT (15.3124016281 49.7334123295),Czech Republic,CZ,CZE,Europe,15.31240163,49.73341233
POINT (10.385780508 51.1069818075),Germany,DE,DEU,Europe,10.38578051,51.10698181
POINT (42.5606754026 11.7487180559),Djibouti,DJ,DJI,Africa,42.5606754,11.74871806
POINT (-61.3577259987 15.4394702029),Dominica,DM,DMA,North America,-61.357726,15.4394702
POINT (10.0280099191 55.9812529593),Denmark,DK,DNK,Europe,10.02800992,55.98125296
POINT (-70.5056889612 18.8943308233),Dominican Republic,DO,DOM,North America,-70.50568896,18.89433082
POINT (2.6173230092 28.1589384945),Algeria,DZ,DZA,Africa,2.61732301,28.15893849
POINT (-78.752019225 -1.42381612488),Ecuador,EC,ECU,South America,-78.75201922,-1.42381612
POINT (29.8619009908 26.4959331064),Egypt,EG,EGY,Africa,29.86190099,26.49593311
POINT (38.8461701125 15.361866184),Eritrea,ER,ERI,Africa,38.84617011,15.36186618
POINT (-3.64755047323 40.2444869811),Spain,ES,ESP,Europe,-3.64755047,40.24448698
POINT (25.5424853656 58.6719297173),Estonia,EE,EST,Europe,25.54248537,58.67192972
POINT (39.6008009763 8.6227867931),Ethiopia,ET,ETH,Africa,39.60080098,8.62278679
POINT (26.2746656042 64.4988460349),Finland,FI,FIN,Europe,26.2746656,64.49884603
POINT (165.451954318 -17.4285803175),Fiji,FJ,FJI,Oceania,165.45195432,-17.42858032
POINT (-59.35238956 -51.7448395441),Falkland Islands,FK,FLK,South America,-59.35238956,-51.74483954
POINT (-2.76172944519 42.1734401107),France,FR,FRA,Europe,-2.76172945,42.17344011
POINT (-6.88095423426 62.0538540321),Faeroe Islands,FO,FRO,Europe,-6.88095423,62.05385403
POINT (153.239437922 7.45246813659),Federated States of Micronesia,FM,FSM,Oceania,153.23943792,7.45246814
POINT (11.7886286968 -0.586600249551),Gabon,GA,GAB,Africa,11.7886287,-0.58660025
POINT (-2.86563164084 54.1238715577),United Kingdom,GB,GBR,Europe,-2.86563164,54.12387156
POINT (43.50780252 42.1685575537),Georgia,GE,GEO,Asia,43.50780252,42.16855755
POINT (-2.57239063555 49.4680976128),Guernsey,GG,GGY,Europe,-2.57239064,49.46809761
POINT (-1.21676565807 7.95345643541),Ghana,GH,GHA,Africa,-1.21676566,7.95345644
POINT (-10.9406661161 10.4362159331),Guinea,GN,GIN,Africa,-10.94066612,10.43621593
POINT (-15.3960129463 13.4496524352),The Gambia,GM,GMB,Africa,-15.39601295,13.44965244
POINT (-14.9497244459 12.0474494815),Guinea-Bissau,GW,GNB,Africa,-14.94972445,12.04744948
POINT (10.3413792389 1.70555135464),Equatorial Guinea,GQ,GNQ,Africa,10.34137924,1.70555135
POINT (22.9555579369 39.0746962307),Greece,GR,GRC,Europe,22.95555794,39.07469623
POINT (-61.6822018889 12.1172504395),Grenada,GD,GRD,North America,-61.68220189,12.11725044
POINT (-41.34191127 74.7105128864),Greenland,GL,GRL,North America,-41.34191127,74.71051289
POINT (-90.3648200858 15.694036635),Guatemala,GT,GTM,North America,-90.36482009,15.69403664
POINT (144.76791022 13.441656257),Guam,GU,GUM,Oceania,144.76791022,13.44165626
POINT (-58.9820245893 4.79378034012),Guyana,GY,GUY,South America,-58.98202459,4.79378034
POINT (114.113804542 22.3982773723),Hong Kong,HK,HKG,Asia,114.11380454,22.39827737
POINT (73.5205171004 -53.0872465618),Heard I. and McDonald Islands,HM,HMD,Seven seas (open ocean),73.5205171,-53.08724656
POINT (-86.6151660963 14.8268816519),Honduras,HN,HND,North America,-86.6151661,14.82688165
POINT (16.404128994 45.0804763057),Croatia,HR,HRV,Europe,16.40412899,45.08047631
POINT (-72.6852750899 18.9350256343),Haiti,HT,HTI,North America,-72.68527509,18.93502563
POINT (19.3955911607 47.1627750614),Hungary,HU,HUN,Europe,19.39559116,47.16277506
POINT (117.240113662 -2.21505456346),Indonesia,ID,IDN,Asia,117.24011366,-2.21505456
POINT (-4.53873952326 54.2241891077),Isle of Man,IM,IMN,Europe,-4.53873952,54.22418911
POINT (79.6119761026 22.8857821183),India,IN,IND,Asia,79.6119761,22.88578212
POINT (104.851897952 -10.6478514973),Indian Ocean Territories,-99,-99,Asia,104.85189795,-10.6478515
POINT (72.4454122854 -7.33059750749),British Indian Ocean Territory,IO,IOT,Seven seas (open ocean),72.44541229,-7.33059751
POINT (-8.13793568667 53.175448704),Ireland,IE,IRL,Europe,-8.13793569,53.1754487
POINT (54.2740700448 32.575032915),Iran,IR,IRN,Asia,54.27407004,32.57503292
POINT (43.7435314888 33.0397058232),Iraq,IQ,IRQ,Asia,43.74353149,33.03970582
POINT (-18.5739616708 64.9957538607),Iceland,IS,ISL,Europe,-18.57396167,64.99575386
POINT (35.0044469277 31.4611010118),Israel,IL,ISR,Asia,35.00444693,31.46110101
POINT (12.0700133907 42.796626414),Italy,IT,ITA,Europe,12.07001339,42.79662641
POINT (-77.3148259327 18.1569487765),Jamaica,JM,JAM,North America,-77.31482593,18.15694878
POINT (-2.12689937944 49.2183737668),Jersey,JE,JEY,Europe,-2.12689938,49.21837377
POINT (36.7713610402 31.2457909121),Jordan,JO,JOR,Asia,36.77136104,31.24579091
POINT (138.030895577 37.592301353),Japan,JP,JPN,Asia,138.03089558,37.59230135
POINT (77.180118652 35.3923632479),Siachen Glacier,-99,-99,Asia,77.18011865,35.39236325
POINT (67.2914935687 48.1568806661),Kazakhstan,KZ,KAZ,Asia,67.29149357,48.15688067
POINT (37.7959397293 0.599880215445),Kenya,KE,KEN,Africa,37.79593973,0.59988022
POINT (74.5416551329 41.4622194346),Kyrgyzstan,KG,KGZ,Asia,74.54165513,41.46221943
POINT (104.906943249 12.7200478567),Cambodia,KH,KHM,Asia,104.90694325,12.72004786
POINT (-45.6111051329 0.86001503171),Kiribati,KI,KIR,Oceania,-45.61110513,0.86001503
POINT (-62.6875526496 17.2645995047),Saint Kitts and Nevis,KN,KNA,North America,-62.68755265,17.2645995
POINT (127.839160864 36.3852398347),Republic of Korea,KR,KOR,Asia,127.83916086,36.38523983
POINT (20.8724981138 42.5707870668),Kosovo,-99,-99,Europe,20.87249811,42.57078707
POINT (47.5870045889 29.3343126157),Kuwait,KW,KWT,Asia,47.58700459,29.33431262
POINT (103.73772412 18.5021743316),Lao PDR,LA,LAO,Asia,103.73772412,18.50217433
POINT (35.880160715 33.9230663057),Lebanon,LB,LBN,Asia,35.88016072,33.92306631
POINT (-9.3220757269 6.45278491657),Liberia,LR,LBR,Africa,-9.32207573,6.45278492
POINT (18.0086616872 27.0309449491),Libya,LY,LBY,Africa,18.00866169,27.03094495
POINT (-60.9696992253 13.8947948145),Saint Lucia,LC,LCA,North America,-60.96969923,13.89479481
POINT (9.53574311779 47.1366583545),Liechtenstein,LI,LIE,Europe,9.53574312,47.13665835
POINT (80.7010823782 7.61266509224),Sri Lanka,LK,LKA,Asia,80.70108238,7.61266509
POINT (28.2272313098 -29.5800318833),Lesotho,LS,LSO,Africa,28.22723131,-29.58003188
POINT (23.8871935548 55.3261098445),Lithuania,LT,LTU,Europe,23.88719355,55.32610984
POINT (6.07182201066 49.7672536068),Luxembourg,LU,LUX,Europe,6.07182201,49.76725361
POINT (24.9123598332 56.8508516268),Latvia,LV,LVA,Europe,24.91235983,56.85085163
POINT (113.509321162 22.2231168835),Macao,MO,MAC,Asia,113.50932116,22.22311688
POINT (-63.0597285144 18.0888861095),Saint-Martin,MF,MAF,North America,-63.05972851,18.08888611
POINT (-8.45615794798 29.8376295469),Morocco,MA,MAR,Africa,-8.45615795,29.83762955
POINT (7.40627676856 43.7527462672),Monaco,MC,MCO,Europe,7.40627677,43.75274627
POINT (28.4567337241 47.1949880442),Moldova,MD,MDA,Europe,28.45673372,47.19498804
POINT (46.7047367428 -19.3718958677),Madagascar,MG,MDG,Africa,46.70473674,-19.37189587
POINT (73.4571300419 3.72870919988),Maldives,MV,MDV,Seven seas (open ocean),73.45713004,3.7287092
POINT (-102.523451692 23.9475372406),Mexico,MX,MEX,North America,-102.52345169,23.94753724
POINT (170.339761224 7.00376358315),Marshall Islands,MH,MHL,Oceania,170.33976122,7.00376358
POINT (21.6821134607 41.5953089336),Macedonia,MK,MKD,Europe,21.68211346,41.59530893
POINT (-3.54269064851 17.3458158135),Mali,ML,MLI,Africa,-3.54269065,17.34581581
POINT (14.4052331643 35.9214963221),Malta,MT,MLT,Europe,14.40523316,35.92149632
POINT (96.4884332104 21.1856659927),Myanmar,MM,MMR,Asia,96.48843321,21.18566599
POINT (19.2388393925 42.7889025929),Montenegro,ME,MNE,Europe,19.23883939,42.78890259
POINT (103.052997649 46.8268154394),Mongolia,MN,MNG,Asia,103.05299765,46.82681544
POINT (145.619696513 15.8292756277),Northern Mariana Islands,MP,MNP,Oceania,145.61969651,15.82927563
POINT (35.5336754259 -17.2738164259),Mozambique,MZ,MOZ,Africa,35.53367543,-17.27381643
POINT (-10.3477981455 20.257367056),Mauritania,MR,MRT,Africa,-10.34779815,20.25736706
POINT (-62.1851854562 16.7394140553),Montserrat,MS,MSR,North America,-62.18518546,16.73941406
POINT (57.5712055061 -20.2776870433),Mauritius,MU,MUS,Seven seas (open ocean),57.57120551,-20.27768704
POINT (34.2893559871 -13.2180808806),Malawi,MW,MWI,Africa,34.28935599,-13.21808088
POINT (109.697622843 3.78986845571),Malaysia,MY,MYS,Asia,109.69762284,3.78986846
POINT (17.209635667 -22.1303256842),Namibia,NA,NAM,Africa,17.20963567,-22.13032568
POINT (165.684923735 -21.299918058),New Caledonia,NC,NCL,Oceania,165.68492374,-21.29991806
POINT (9.38545881539 17.4191249296),Niger,NE,NER,Africa,9.38545882,17.41912493
POINT (167.949216782 -29.0514609044),Norfolk Island,NF,NFK,Oceania,167.94921678,-29.0514609
POINT (8.08943894771 9.59411452233),Nigeria,NG,NGA,Africa,8.08943895,9.59411452
POINT (-85.0305296951 12.8470942896),Nicaragua,NI,NIC,North America,-85.0305297,12.84709429
POINT (-169.869946819 -19.0494570813),Niue,NU,NIU,Oceania,-169.86994682,-19.04945708
POINT (5.28144793007 52.1007899002),Netherlands,NL,NLD,Europe,5.28144793,52.1007899
POINT (15.3483465622 68.7501557205),Norway,NO,NOR,Europe,15.34834656,68.75015572
POINT (83.9158264002 28.2489136496),Nepal,NP,NPL,Asia,83.9158264,28.24891365
POINT (166.932568234 -0.519126389522),Nauru,NR,NRU,Oceania,166.93256823,-0.51912639
POINT (171.484923466 -41.811135569),New Zealand,NZ,NZL,Oceania,171.48492347,-41.81113557
POINT (56.0916615483 20.6051533257),Oman,OM,OMN,Asia,56.09166155,20.60515333
POINT (69.3395793748 29.9497515031),Pakistan,PK,PAK,Asia,69.33957937,29.9497515
POINT (-80.1191515612 8.51750797491),Panama,PA,PAN,North America,-80.11915156,8.51750797
POINT (-128.317042024 -24.365005346),Pitcairn Islands,PN,PCN,Oceania,-128.31704202,-24.36500535
POINT (-74.382426851 -9.15280381329),Peru,PE,PER,South America,-74.38242685,-9.15280381
POINT (122.883932529 11.7753677809),Philippines,PH,PHL,Asia,122.88393253,11.77536778
POINT (134.408079655 7.28742783603),Palau,PW,PLW,Oceania,134.40807966,7.28742784
POINT (145.207447524 -6.46416646083),Papua New Guinea,PG,PNG,Oceania,145.20744752,-6.46416646
POINT (19.3901283493 52.1275956442),Poland,PL,POL,Europe,19.39012835,52.12759564
POINT (-66.4730760435 18.2281305461),Puerto Rico,PR,PRI,North America,-66.47307604,18.22813055
POINT (127.192479732 40.1535031093),Dem. Rep. Korea,KP,PRK,Asia,127.19247973,40.15350311
POINT (-8.50104361268 39.5955067145),Portugal,PT,PRT,Europe,-8.50104361,39.59550671
POINT (-58.400137032 -23.228239132),Paraguay,PY,PRY,South America,-58.40013703,-23.22823913
POINT (35.1962870549 31.9161389264),Palestine,PS,PSE,Asia,35.19628705,31.91613893
POINT (-144.904943869 -14.7222740899),French Polynesia,PF,PYF,Oceania,-144.90494387,-14.72227409
POINT (51.1847963212 25.3060118763),Qatar,QA,QAT,Asia,51.18479632,25.30601188
POINT (24.9729303933 45.8524312742),Romania,RO,ROU,Europe,24.97293039,45.85243127
POINT (96.6865611231 61.9805220919),Russian Federation,RU,RUS,Europe,96.68656112,61.98052209
POINT (29.9198851524 -1.99033831693),Rwanda,RW,RWA,Africa,29.91988515,-1.99033832
POINT (-12.2198275485 24.2295673865),Western Sahara,EH,ESH,Africa,-12.21982755,24.22956739
POINT (44.5368627114 24.1224584073),Saudi Arabia,SA,SAU,Asia,44.53686271,24.12245841
POINT (29.9404681199 15.9903566856),Sudan,SD,SDN,Africa,29.94046812,15.99035669
POINT (30.2479000186 7.30877944922),South Sudan,SS,SSD,Africa,30.24790002,7.30877945
POINT (-14.4734923973 14.3662417313),Senegal,SN,SEN,Africa,-14.4734924,14.36624173
POINT (103.81725592 1.35876087075),Singapore,SG,SGP,Asia,103.81725592,1.35876087
POINT (-36.4331838823 -54.4648824802),South Georgia and South Sandwich Islands,GS,SGS,Seven seas (open ocean),-36.43318388,-54.46488248
POINT (-9.5477941587 -12.4035595078),Saint Helena,SH,SHN,Seven seas (open ocean),-9.54779416,-12.40355951
POINT (159.632876678 -8.92178021692),Solomon Islands,SB,SLB,Oceania,159.63287668,-8.92178022
POINT (-11.7927124668 8.56329593038),Sierra Leone,SL,SLE,Africa,-11.79271247,8.56329593
POINT (-88.8716446906 13.7394374383),El Salvador,SV,SLV,North America,-88.87164469,13.73943744
POINT (12.4592233358 43.9418674677),San Marino,SM,SMR,Europe,12.45922334,43.94186747
POINT (46.251983951 9.73345496311),Somaliland,-99,-99,Africa,46.25198395,9.73345496
POINT (45.7071448699 4.75062876055),Somalia,SO,SOM,Africa,45.70714487,4.75062876
POINT (-56.3031977882 46.9191878929),Saint Pierre and Miquelon,PM,SPM,North America,-56.30319779,46.91918789
POINT (20.7895833363 44.2215031993),Serbia,RS,SRB,Europe,20.78958334,44.2215032
POINT (6.72429657927 0.443914449308),SÃ£o TomÃ© and Principe,ST,STP,Africa,6.72429658,0.44391445
POINT (-55.9123456951 4.1305541299),Suriname,SR,SUR,South America,-55.9123457,4.13055413
POINT (19.4790521811 48.7054752813),Slovakia,SK,SVK,Europe,19.47905218,48.70547528
POINT (14.8044423776 46.1155477207),Slovenia,SI,SVN,Europe,14.80444238,46.11554772
POINT (16.7455804869 62.7796651931),Sweden,SE,SWE,Europe,16.74558049,62.77966519
POINT (31.4819369011 -26.5584304502),Swaziland,SZ,SWZ,Africa,31.4819369,-26.55843045
POINT (-63.057133627 18.0508172793),Sint Maarten,SX,SXM,North America,-63.05713363,18.05081728
POINT (55.4760327912 -4.66099093522),Seychelles,SC,SYC,Seven seas (open ocean),55.47603279,-4.66099094
POINT (38.5078820425 35.025473894),Syria,SY,SYR,Asia,38.50788204,35.02547389
POINT (-71.9738788144 21.8304757171),Turks and Caicos Islands,TC,TCA,North America,-71.97387881,21.83047572
POINT (18.6449251291 15.333337585),Chad,TD,TCD,Africa,18.64492513,15.33333758
POINT (0.962328449769 8.52531356141),Togo,TG,TGO,Africa,0.96232845,8.52531356
POINT (101.002881304 15.1181579418),Thailand,TH,THA,Asia,101.0028813,15.11815794
POINT (71.0136263091 38.5304538963),Tajikistan,TJ,TJK,Asia,71.01362631,38.5304539
POINT (59.3710002061 39.1155413742),Turkmenistan,TM,TKM,Asia,59.37100021,39.11554137
POINT (125.844389821 -8.82889162047),Timor-Leste,TL,TLS,Asia,125.84438982,-8.82889162
POINT (-174.80987341 -20.4284317425),Tonga,TO,TON,Oceania,-174.80987341,-20.42843174
POINT (-61.2656792335 10.457334081),Trinidad and Tobago,TT,TTO,North America,-61.26567923,10.45733408
POINT (9.55288358933 34.1195624649),Tunisia,TN,TUN,Africa,9.55288359,34.11956246
POINT (35.1689534649 39.0616029013),Turkey,TR,TUR,Asia,35.16895346,39.0616029
POINT (120.954272814 23.753992795),Taiwan,TW,TWN,Asia,120.95427281,23.7539928
POINT (34.8130998093 -6.27565408332),Tanzania,TZ,TZA,Africa,34.81309981,-6.27565408
POINT (32.3690797137 1.27469298731),Uganda,UG,UGA,Africa,32.36907971,1.27469299
POINT (31.3832646865 48.9965667265),Ukraine,UA,UKR,Europe,31.38326469,48.99656673
POINT (-56.0180705315 -32.7995153444),Uruguay,UY,URY,South America,-56.01807053,-32.79951534
POINT (-112.4616737 45.6795472026),United States,US,USA,North America,-112.4616737,45.6795472
POINT (63.1400152805 41.7555422527),Uzbekistan,UZ,UZB,Asia,63.14001528,41.75554225
POINT (12.4338717661 41.9017498529),Vatican,VA,VAT,Europe,12.43387177,41.90174985
POINT (-61.2012969497 13.22472269),Saint Vincent and the Grenadines,VC,VCT,North America,-61.20129695,13.22472269
POINT (-66.1818412311 7.12422421273),Venezuela,VE,VEN,South America,-66.18184123,7.12422421
POINT (-64.471469922 18.5258575451),British Virgin Islands,VG,VGB,North America,-64.47146992,18.52585755
POINT (-64.8030153752 17.9550062394),United States Virgin Islands,VI,VIR,North America,-64.80301538,17.95500624
POINT (106.299146978 16.6460167019),Vietnam,VN,VNM,Asia,106.29914698,16.6460167
POINT (167.686446357 -16.2264090884),Vanuatu,VU,VUT,Oceania,167.68644636,-16.22640909
POINT (-177.348348251 -13.8873703903),Wallis and Futuna Islands,WF,WLF,Oceania,-177.34834825,-13.88737039
POINT (-172.16485064 -13.7532434638),Samoa,WS,WSM,Oceania,-172.16485064,-13.75324346
POINT (47.5867618877 15.9092800505),Yemen,YE,YEM,Asia,47.58676189,15.90928005
POINT (25.0839009251 -29.0003409534),South Africa,ZA,ZAF,Africa,25.08390093,-29.00034095
POINT (27.7747594637 -13.4582415186),Zambia,ZM,ZMB,Africa,27.77475946,-13.45824152
POINT (29.8514412019 -19.0042041882),Zimbabwe,ZW,ZWE,Africa,29.8514412,-19.00420419
